[
  {
    "id": "/subscriptions/531812a5-8177-4ad3-a2b3-18c2f0b5ad59/resourceGroups/stage-resources/providers/Microsoft.Resources/deployments/Microsoft.SQLDatabase.newDatabaseNewServer_6acc79d6548d408fa35da/operations/6B5C6165F9475463",
    "operationId": "6B5C6165F9475463",
    "properties": {
      "provisioningOperation": "Create",
      "provisioningState": "Running",
      "timestamp": "2022-05-11T15:35:06.542288Z",
      "duration": "PT29.0700293S",
      "trackingId": "677cebfa-11c9-4042-8267-7e30a7cc85c4",
      "statusCode": "Accepted",
      "targetResource": {
        "id": "/subscriptions/531812a5-8177-4ad3-a2b3-18c2f0b5ad59/resourceGroups/stage-resources/providers/Microsoft.Sql/servers/stage-server",
        "resourceType": "Microsoft.Sql/servers",
        "resourceName": "stage-server"
      }
    }
  }
]