{
  "id": "/subscriptions/531812a5-8177-4ad3-a2b3-18c2f0b5ad59/resourceGroups/stage-resources/providers/Microsoft.Resources/deployments/Microsoft.SQLDatabase.newDatabaseNewServer_6acc79d6548d408fa35da",
  "name": "Microsoft.SQLDatabase.newDatabaseNewServer_6acc79d6548d408fa35da",
  "type": "Microsoft.Resources/deployments",
  "tags": {
    "primaryResourceId": "/subscriptions/531812a5-8177-4ad3-a2b3-18c2f0b5ad59/resourceGroups/stage-resources/providers/Microsoft.Sql/servers/stage-server/databases/stage_db",
    "marketplaceItemId": "Microsoft.SQLDatabase"
  },
  "properties": {
    "templateHash": "4927921951312306783",
    "parameters": {
      "administratorLogin": {
        "type": "String",
        "value": "stage"
      },
      "administratorLoginPassword": {
        "type": "SecureString"
      },
      "administrators": {
        "type": "Object",
        "value": {}
      },
      "collation": {
        "type": "String",
        "value": "SQL_Latin1_General_CP1_CI_AS"
      },
      "databaseName": {
        "type": "String",
        "value": "stage_db"
      },
      "tier": {
        "type": "String",
        "value": "GeneralPurpose"
      },
      "skuName": {
        "type": "String",
        "value": "GP_Gen5_2"
      },
      "location": {
        "type": "String",
        "value": "eastus"
      },
      "maxSizeBytes": {
        "type": "Int",
        "value": 34359738368
      },
      "serverName": {
        "type": "String",
        "value": "stage-server"
      },
      "sampleName": {
        "type": "String",
        "value": ""
      },
      "zoneRedundant": {
        "type": "Bool",
        "value": false
      },
      "licenseType": {
        "type": "String",
        "value": "LicenseIncluded"
      },
      "readScaleOut": {
        "type": "String",
        "value": "Disabled"
      },
      "numberOfReplicas": {
        "type": "Int",
        "value": 0
      },
      "minCapacity": {
        "type": "String",
        "value": ""
      },
      "autoPauseDelay": {
        "type": "String",
        "value": ""
      },
      "enableADS": {
        "type": "Bool",
        "value": true
      },
      "allowAzureIps": {
        "type": "Bool",
        "value": false
      },
      "databaseTags": {
        "type": "Object",
        "value": {}
      },
      "serverTags": {
        "type": "Object",
        "value": {}
      },
      "enableVA": {
        "type": "Bool",
        "value": true
      },
      "useVAManagedIdentity": {
        "type": "Bool",
        "value": false
      },
      "enablePrivateEndpoint": {
        "type": "Bool",
        "value": false
      },
      "privateEndpointNestedTemplateId": {
        "type": "String",
        "value": "pe-9e73378f-2501-487c-ae62-e4332447a00f"
      },
      "privateEndpointSubscriptionId": {
        "type": "String",
        "value": ""
      },
      "privateEndpointResourceGroup": {
        "type": "String",
        "value": ""
      },
      "privateEndpointName": {
        "type": "String",
        "value": ""
      },
      "privateEndpointLocation": {
        "type": "String",
        "value": ""
      },
      "privateEndpointSubnetId": {
        "type": "String",
        "value": ""
      },
      "privateLinkServiceName": {
        "type": "String",
        "value": ""
      },
      "privateLinkServiceServiceId": {
        "type": "String",
        "value": ""
      },
      "privateEndpointVnetSubscriptionId": {
        "type": "String",
        "value": ""
      },
      "privateEndpointVnetResourceGroup": {
        "type": "String",
        "value": ""
      },
      "privateEndpointVnetName": {
        "type": "String",
        "value": ""
      },
      "privateEndpointSubnetName": {
        "type": "String",
        "value": ""
      },
      "enablePrivateDnsZone": {
        "type": "Bool",
        "value": true
      },
      "privateLinkPrivateDnsZoneFQDN": {
        "type": "String",
        "value": "privatelink.database.windows.net"
      },
      "privateEndpointDnsRecordUniqueId": {
        "type": "String",
        "value": "9e73378f-2501-487c-ae62-e4332447a012"
      },
      "privateEndpointTemplateLink": {
        "type": "String",
        "value": "https://sqlazureextension.hosting.portal.azure.net/sqlazureextension/Content/2.1.01945230/DeploymentTemplates/PrivateEndpoint.json"
      },
      "privateDnsForPrivateEndpointTemplateLink": {
        "type": "String",
        "value": "https://sqlazureextension.hosting.portal.azure.net/sqlazureextension/Content/2.1.01945230/DeploymentTemplates/PrivateDnsForPrivateEndpoint.json"
      },
      "privateDnsForPrivateEndpointNicTemplateLink": {
        "type": "String",
        "value": "https://sqlazureextension.hosting.portal.azure.net/sqlazureextension/Content/2.1.01945230/DeploymentTemplates/PrivateDnsForPrivateEndpointNic.json"
      },
      "privateDnsForPrivateEndpointIpConfigTemplateLink": {
        "type": "String",
        "value": "https://sqlazureextension.hosting.portal.azure.net/sqlazureextension/Content/2.1.01945230/DeploymentTemplates/PrivateDnsForPrivateEndpointIpConfig.json"
      },
      "allowClientIp": {
        "type": "Bool",
        "value": false
      },
      "clientIpRuleName": {
        "type": "String",
        "value": "ClientIp-2022-5-11_16-33-13"
      },
      "clientIpValue": {
        "type": "String",
        "value": "105.157.145.190"
      },
      "requestedBackupStorageRedundancy": {
        "type": "String",
        "value": "Geo"
      },
      "maintenanceConfigurationId": {
        "type": "String",
        "value": "/subscriptions/531812a5-8177-4ad3-a2b3-18c2f0b5ad59/providers/Microsoft.Maintenance/publicMaintenanceConfigurations/SQL_Default"
      },
      "keyId": {
        "type": "String",
        "value": ""
      },
      "identity": {
        "type": "Object",
        "value": {
          "type": "None"
        }
      },
      "primaryUserAssignedIdentityId": {
        "type": "String",
        "value": ""
      },
      "minimalTlsVersion": {
        "type": "String",
        "value": "1.2"
      },
      "enableSqlLedger": {
        "type": "Bool",
        "value": false
      },
      "connectionType": {
        "type": "String",
        "value": "Default"
      },
      "enableDigestStorage": {
        "type": "String",
        "value": "Disabled"
      },
      "digestStorageOption": {
        "type": "String",
        "value": ""
      },
      "digestStorageName": {
        "type": "String",
        "value": ""
      },
      "blobStorageContainerName": {
        "type": "String",
        "value": ""
      },
      "retentionDays": {
        "type": "String",
        "value": ""
      },
      "retentionPolicy": {
        "type": "Bool",
        "value": false
      },
      "digestAccountResourceGroup": {
        "type": "String",
        "value": ""
      },
      "digestRegion": {
        "type": "String",
        "value": ""
      },
      "storageAccountdigestRegion": {
        "type": "String",
        "value": ""
      },
      "isNewDigestLocation": {
        "type": "Bool",
        "value": false
      },
      "sqlLedgerTemplateLink": {
        "type": "String",
        "value": "https://sqlazureextension.hosting.portal.azure.net/sqlazureextension/Content/2.1.01945230/DeploymentTemplates/SqlLedger.json"
      },
      "servicePrincipal": {
        "type": "Object",
        "value": {
          "type": "None"
        }
      }
    },
    "mode": "Incremental",
    "debugSetting": {
      "detailLevel": "None"
    },
    "provisioningState": "Running",
    "timestamp": "2022-05-11T15:35:06.4900113Z",
    "duration": "PT30.024147S",
    "correlationId": "5d1bd5b2-76b0-44a3-a28d-15dbcb0ffd05",
    "providers": [
      {
        "namespace": "Microsoft.Storage",
        "resourceTypes": [
          {
            "resourceType": "storageAccounts",
            "locations": [
              "eastus"
            ]
          }
        ]
      },
      {
        "namespace": "Microsoft.Sql",
        "resourceTypes": [
          {
            "resourceType": "servers",
            "locations": [
              "eastus"
            ]
          },
          {
            "resourceType": "servers/databases",
            "locations": [
              "eastus"
            ]
          },
          {
            "resourceType": "servers/connectionPolicies",
            "locations": [
              "eastus"
            ]
          },
          {
            "resourceType": "servers/securityAlertPolicies",
            "locations": [
              null
            ]
          },
          {
            "resourceType": "servers/vulnerabilityAssessments",
            "locations": [
              null
            ]
          }
        ]
      }
    ],
    "dependencies": [
      {
        "dependsOn": [
          {
            "id": "/subscriptions/531812a5-8177-4ad3-a2b3-18c2f0b5ad59/resourceGroups/stage-resources/providers/Microsoft.Sql/servers/stage-server",
            "resourceType": "Microsoft.Sql/servers",
            "resourceName": "stage-server"
          },
          {
            "id": "/subscriptions/531812a5-8177-4ad3-a2b3-18c2f0b5ad59/resourceGroups/stage-resources/providers/Microsoft.Storage/storageAccounts/sqlva2rlcr3b2jnnjy",
            "resourceType": "Microsoft.Storage/storageAccounts",
            "resourceName": "sqlva2rlcr3b2jnnjy"
          },
          {
            "id": "/subscriptions/531812a5-8177-4ad3-a2b3-18c2f0b5ad59/resourceGroups/stage-resources/providers/Microsoft.Sql/servers/stage-server",
            "resourceType": "Microsoft.Sql/servers",
            "resourceName": "stage-server",
            "apiVersion": "2018-06-01-preview"
          }
        ],
        "id": "/subscriptions/531812a5-8177-4ad3-a2b3-18c2f0b5ad59/resourceGroups/stage-resources/providers/Microsoft.Storage/storageAccounts/sqlva2rlcr3b2jnnjy/providers/Microsoft.Authorization/roleAssignments/e56b6f80-b22b-5245-8818-8a85ce6d9193",
        "resourceType": "Microsoft.Storage/storageAccounts/providers/roleAssignments",
        "resourceName": "sqlva2rlcr3b2jnnjy/Microsoft.Authorization/e56b6f80-b22b-5245-8818-8a85ce6d9193"
      },
      {
        "dependsOn": [
          {
            "id": "/subscriptions/531812a5-8177-4ad3-a2b3-18c2f0b5ad59/resourceGroups/stage-resources/providers/Microsoft.Sql/servers/stage-server",
            "resourceType": "Microsoft.Sql/servers",
            "resourceName": "stage-server"
          }
        ],
        "id": "/subscriptions/531812a5-8177-4ad3-a2b3-18c2f0b5ad59/resourceGroups/stage-resources/providers/Microsoft.Sql/servers/stage-server/databases/stage_db",
        "resourceType": "Microsoft.Sql/servers/databases",
        "resourceName": "stage-server/stage_db"
      },
      {
        "dependsOn": [
          {
            "id": "/subscriptions/531812a5-8177-4ad3-a2b3-18c2f0b5ad59/resourceGroups/stage-resources/providers/Microsoft.Sql/servers/stage-server",
            "resourceType": "Microsoft.Sql/servers",
            "resourceName": "stage-server"
          }
        ],
        "id": "/subscriptions/531812a5-8177-4ad3-a2b3-18c2f0b5ad59/resourceGroups/stage-resources/providers/Microsoft.Sql/servers/stage-server/firewallrules/AllowAllWindowsAzureIps",
        "resourceType": "Microsoft.Sql/servers/firewallrules",
        "resourceName": "stage-server/AllowAllWindowsAzureIps"
      },
      {
        "dependsOn": [
          {
            "id": "/subscriptions/531812a5-8177-4ad3-a2b3-18c2f0b5ad59/resourceGroups/stage-resources/providers/Microsoft.Sql/servers/stage-server",
            "resourceType": "Microsoft.Sql/servers",
            "resourceName": "stage-server"
          }
        ],
        "id": "/subscriptions/531812a5-8177-4ad3-a2b3-18c2f0b5ad59/resourceGroups/stage-resources/providers/Microsoft.Sql/servers/stage-server/connectionPolicies/Default",
        "resourceType": "Microsoft.Sql/servers/connectionPolicies",
        "resourceName": "stage-server/Default"
      },
      {
        "dependsOn": [
          {
            "id": "/subscriptions/531812a5-8177-4ad3-a2b3-18c2f0b5ad59/resourceGroups/stage-resources/providers/Microsoft.Sql/servers/stage-server",
            "resourceType": "Microsoft.Sql/servers",
            "resourceName": "stage-server"
          }
        ],
        "id": "/subscriptions/531812a5-8177-4ad3-a2b3-18c2f0b5ad59/resourceGroups/stage-resources/providers/Microsoft.Sql/servers/stage-server/firewallrules/ClientIp-2022-5-11_16-33-13",
        "resourceType": "Microsoft.Sql/servers/firewallrules",
        "resourceName": "stage-server/ClientIp-2022-5-11_16-33-13"
      },
      {
        "dependsOn": [
          {
            "id": "/subscriptions/531812a5-8177-4ad3-a2b3-18c2f0b5ad59/resourceGroups/stage-resources/providers/Microsoft.Sql/servers/stage-server",
            "resourceType": "Microsoft.Sql/servers",
            "resourceName": "stage-server"
          },
          {
            "id": "/subscriptions/531812a5-8177-4ad3-a2b3-18c2f0b5ad59/resourceGroups/stage-resources/providers/Microsoft.Sql/servers/stage-server/databases/stage_db",
            "resourceType": "Microsoft.Sql/servers/databases",
            "resourceName": "stage-server/stage_db"
          }
        ],
        "id": "/subscriptions/531812a5-8177-4ad3-a2b3-18c2f0b5ad59/resourceGroups/stage-resources/providers/Microsoft.Sql/servers/stage-server/securityAlertPolicies/Default",
        "resourceType": "Microsoft.Sql/servers/securityAlertPolicies",
        "resourceName": "stage-server/Default"
      },
      {
        "dependsOn": [
          {
            "id": "/subscriptions/531812a5-8177-4ad3-a2b3-18c2f0b5ad59/resourceGroups/stage-resources/providers/Microsoft.Sql/servers/stage-server",
            "resourceType": "Microsoft.Sql/servers",
            "resourceName": "stage-server"
          },
          {
            "id": "/subscriptions/531812a5-8177-4ad3-a2b3-18c2f0b5ad59/resourceGroups/stage-resources/providers/Microsoft.Storage/storageAccounts/sqlva2rlcr3b2jnnjy",
            "resourceType": "Microsoft.Storage/storageAccounts",
            "resourceName": "sqlva2rlcr3b2jnnjy"
          },
          {
            "id": "/subscriptions/531812a5-8177-4ad3-a2b3-18c2f0b5ad59/resourceGroups/stage-resources/providers/Microsoft.Sql/servers/stage-server/securityAlertPolicies/Default",
            "resourceType": "Microsoft.Sql/servers/securityAlertPolicies",
            "resourceName": "stage-server/Default"
          },
          {
            "id": "/subscriptions/531812a5-8177-4ad3-a2b3-18c2f0b5ad59/resourceGroups/stage-resources/providers/Microsoft.Storage/storageAccounts/sqlva2rlcr3b2jnnjy",
            "resourceType": "Microsoft.Storage/storageAccounts",
            "resourceName": "sqlva2rlcr3b2jnnjy",
            "actionName": "listKeys",
            "apiVersion": "2018-02-01"
          }
        ],
        "id": "/subscriptions/531812a5-8177-4ad3-a2b3-18c2f0b5ad59/resourceGroups/stage-resources/providers/Microsoft.Sql/servers/stage-server/vulnerabilityAssessments/Default",
        "resourceType": "Microsoft.Sql/servers/vulnerabilityAssessments",
        "resourceName": "stage-server/Default"
      },
      {
        "dependsOn": [
          {
            "id": "/subscriptions/531812a5-8177-4ad3-a2b3-18c2f0b5ad59/resourceGroups/stage-resources/providers/Microsoft.Sql/servers/stage-server/databases/stage_db",
            "resourceType": "Microsoft.Sql/servers/databases",
            "resourceName": "stage-server/stage_db"
          },
          {
            "id": "/subscriptions/531812a5-8177-4ad3-a2b3-18c2f0b5ad59/resourceGroups/stage-resources/providers/Microsoft.Resources/deployments/SubnetPolicies-",
            "resourceType": "Microsoft.Resources/deployments",
            "resourceName": "SubnetPolicies-"
          }
        ],
        "id": "/subscriptions/531812a5-8177-4ad3-a2b3-18c2f0b5ad59/resourceGroups/stage-resources/providers/Microsoft.Resources/deployments/PrivateEndpoint-",
        "resourceType": "Microsoft.Resources/deployments",
        "resourceName": "PrivateEndpoint-"
      },
      {
        "dependsOn": [
          {
            "id": "/subscriptions/531812a5-8177-4ad3-a2b3-18c2f0b5ad59/resourceGroups/stage-resources/providers/Microsoft.Resources/deployments/PrivateEndpoint-",
            "resourceType": "Microsoft.Resources/deployments",
            "resourceName": "PrivateEndpoint-"
          }
        ],
        "id": "/subscriptions/531812a5-8177-4ad3-a2b3-18c2f0b5ad59/resourceGroups/stage-resources/providers/Microsoft.Resources/deployments/PrivateDns-pe-9e73378f-2501-487c-ae62-e4332447a00f",
        "resourceType": "Microsoft.Resources/deployments",
        "resourceName": "PrivateDns-pe-9e73378f-2501-487c-ae62-e4332447a00f"
      },
      {
        "dependsOn": [
          {
            "id": "/subscriptions/531812a5-8177-4ad3-a2b3-18c2f0b5ad59/resourceGroups/stage-resources/providers/Microsoft.Sql/servers/stage-server",
            "resourceType": "Microsoft.Sql/servers",
            "resourceName": "stage-server"
          },
          {
            "id": "/subscriptions/531812a5-8177-4ad3-a2b3-18c2f0b5ad59/resourceGroups/stage-resources/providers/Microsoft.Sql/servers/stage-server/databases/stage_db",
            "resourceType": "Microsoft.Sql/servers/databases",
            "resourceName": "stage-server/stage_db"
          }
        ],
        "id": "/subscriptions/531812a5-8177-4ad3-a2b3-18c2f0b5ad59/resourceGroups/stage-resources/providers/Microsoft.Resources/deployments/ledger-",
        "resourceType": "Microsoft.Resources/deployments",
        "resourceName": "ledger-"
      }
    ],
    "validationLevel": "Template"
  }
}